{"exp_base": {"absolute": {"inf": [0.6735847500000001, 0.67370205, 0.67360065, 0.67371015, 0.6736071, 0.6734865, 0.6735942500000001, 0.67365955, 0.6735681, 0.6734757499999999, 0.67334095, 0.6734739, 0.6737221000000001, 0.67370295, 0.6738415, 0.6738076, 0.67360135, 0.67358085, 0.67382665, 0.673765, 0.6737022, 0.6736399000000001, 0.67366265, 0.6736183, 0.67369855], "12.0": [0.6633577, 0.66308975, 0.66245315, 0.66127165, 0.65934765, 0.6569063, 0.6541883000000001, 0.6507647, 0.646663, 0.6424346, 0.6370726, 0.63151895, 0.6250478, 0.61827815, 0.6106026, 0.603316, 0.59395915, 0.5853044000000001, 0.5757236, 0.56577725, 0.55459915, 0.5440882499999999, 0.5327619, 0.52167625, 0.5108758999999999], "4.0": [0.64027665, 0.6395471, 0.6374153, 0.63382585, 0.6297343, 0.62435255, 0.6178532, 0.6110156, 0.6027297, 0.5943514, 0.58470955, 0.5747344, 0.56457985, 0.5529878500000001, 0.5415993499999999, 0.5287999, 0.5160872, 0.5033921, 0.4911118, 0.47868485, 0.46735699999999997, 0.4572863, 0.44966265, 0.44340805, 0.4386233], "2.0": [0.6131344999999999, 0.6111198, 0.6081103, 0.60278675, 0.5965109, 0.5885593499999999, 0.57999765, 0.5702134, 0.55943625, 0.5483275, 0.53615915, 0.52383875, 0.50993745, 0.49659434999999996, 0.48258695, 0.46836235, 0.45484185, 0.44157029999999997, 0.42981835, 0.4199125, 0.4111291, 0.4053386, 0.4006675, 0.3944996, 0.3896273]}, "reduction": {"inf": [0.0, 0.01741428973860426, 0.002360504747178638, 0.018616811024885216, 0.0033180679936739566, -0.014586137824534884, 0.0014103644715879327, 0.01110476447097053, -0.002471849310725638, -0.01618207656870485, -0.03619440612335767, -0.016456726492120044, 0.020390901070732603, 0.017547903214842897, 0.03811695558724182, 0.033084181314957384, 0.0024644263397988198, -0.0005789917304488412, 0.03591233322901566, 0.02675981010553663, 0.017436558651295897, 0.008187536906079096, 0.011564988666967757, 0.004980813475952139, 0.016894681775370124], "12.0": [0.0, -0.04039298857916318, -0.13635931263027423, -0.3144683479215038, -0.6045079449594204, -0.9725371394648796, -1.3822708321618915, -1.8983724768703358, -2.516696497229176, -3.1541203184948463, -3.962432334772037, -4.799635249579525, -5.775149666612744, -6.795662430691629, -7.952738017513028, -9.05118007976693, -10.461708667887637, -11.7663969228065, -13.210685577328796, -14.71008024780598, -16.395159052197627, -17.979658636660144, -19.687085866343303, -21.35822799675049, -22.986361656765286], "4.0": [0.0, -0.11394293388646837, -0.44689276112129805, -1.0075019915219419, -1.6465304489863941, -2.4870655520547236, -3.5021502033535046, -4.570063581109829, -5.864176055772141, -7.172719792296034, -8.678607911127168, -10.236551653101833, -11.822514533366169, -13.632981930545174, -15.411666191481466, -17.410716133408897, -19.396217244530167, -21.378969543868266, -23.29693734731698, -25.23780931258387, -27.00702110564238, -28.57988808431481, -29.77056870651148, -30.747427693950733, -31.494721851874495], "2.0": [0.0, -0.32859021960106594, -0.8194286897899139, -1.6876802724361206, -2.7112485107264384, -4.008117305419933, -5.404499339052016, -7.000274817352459, -8.75798866317259, -10.569785259188635, -12.55439874937716, -14.563811039828934, -16.831062352550695, -19.00727328180032, -21.29182911742854, -23.61180948062781, -25.816953702654143, -27.98149508794563, -29.89819525732118, -31.513803251978146, -32.94634374676354, -33.89075317079694, -34.65259253883119, -35.658554525964526, -36.45320887994396]}}, "exp_no_q": {"absolute": {"inf": [0.6736747500000001, 0.67366535, 0.6737528, 0.67367415, 0.6738903500000001, 0.6737152000000001, 0.6734757499999999, 0.67385655, 0.67374625, 0.6736752, 0.67376105, 0.67344095, 0.6736894, 0.67371235, 0.67381705, 0.6735523, 0.67329715, 0.67372055, 0.6737150999999999, 0.6736547500000001, 0.67347795, 0.6738225999999999, 0.6736175999999999, 0.67362525, 0.67368295], "12.0": [0.66346065, 0.6632219, 0.66248995, 0.6616860499999999, 0.66056035, 0.6590333, 0.6572568, 0.6545682, 0.6520398000000001, 0.6489439, 0.64529455, 0.6414905000000001, 0.6370801, 0.6325031, 0.62697615, 0.6215423999999999, 0.6157014, 0.608592, 0.60167475, 0.5938854, 0.58588315, 0.5769357, 0.56773345, 0.55836795, 0.54750285], "4.0": [0.64013735, 0.63964785, 0.6384898, 0.63630365, 0.6332289, 0.6297959, 0.6259514, 0.62132765, 0.6160187, 0.6106703, 0.6040537, 0.5976819999999999, 0.5904572, 0.5830775, 0.5745419, 0.5660935500000001, 0.5567072, 0.5465814499999999, 0.5364174500000001, 0.52550265, 0.5133406500000001, 0.50190375, 0.48876084999999997, 0.4760905, 0.46236765], "2.0": [0.6128601, 0.61198365, 0.6098082, 0.606687, 0.6030629, 0.59763585, 0.59243515, 0.5867978500000001, 0.5801780000000001, 0.5726856, 0.5651323500000001, 0.55670825, 0.5476753, 0.5382184999999999, 0.5282545, 0.5176594, 0.5062060500000001, 0.49465855000000003, 0.48259365, 0.47021755, 0.45638315, 0.44290425000000005, 0.42863185, 0.41476205, 0.40032690000000004]}, "reduction": {"inf": [0.0, -0.0013953320946114012, 0.011585709572758951, -8.906375074113626e-05, 0.032003574425187864, 0.006004381194335551, -0.029539477321982588, 0.026986316467980664, 0.010613430294048598, 6.679781303642329e-05, 0.012810336145130385, -0.034705174863691735, 0.0021746399133881766, 0.005581328378401196, 0.021122952878949164, -0.018176427126015415, -0.05605078711946598, 0.006798532971563631, 0.005989537235850939, -0.0029687916906495637, -0.02921291023599837, 0.02194679257310206, -0.008483322256058745, -0.007347759434372936, 0.0012172045931624353], "12.0": [0.0, -0.03598555543572468, -0.14630860172339943, -0.26747630021465296, -0.43714725206385197, -0.6673116182549732, -0.9350742956647062, -1.3403130992018841, -1.721405783447738, -2.188034814121975, -2.7380825072293224, -3.3114473330106198, -3.9762041652357194, -4.666071755725076, -5.499120407517766, -6.31812150426706, -7.198505291911439, -8.270068466004721, -9.312669862183986, -10.486718390909843, -11.692856237969796, -13.041459203345362, -14.42846685783098, -15.840080342368468, -17.477720796252193], "4.0": [0.0, -0.07646796425798685, -0.2573744525296129, -0.5988870982141625, -1.0792137031216953, -1.6155048600116961, -2.2160790961502252, -2.9383850200273454, -3.7677304722181892, -4.6032386643272805, -5.636860589371951, -6.632225099816491, -7.760857884639916, -8.913688601360326, -10.247089940932208, -11.56686139310571, -13.033163898341515, -14.614972864807863, -16.20275711142304, -17.907828687077874, -19.80773344970419, -21.594365646685056, -23.647503149128866, -25.626820556557117, -27.77055580337564], "2.0": [0.0, -0.1430097994632118, -0.4979766181547829, -1.0072608740559263, -1.5986030090717418, -2.484131370275211, -3.332726343255177, -4.252561065730975, -5.332717858447622, -6.55524809006166, -7.787707178196124, -9.162262317289048, -10.636163130867882, -12.179223284400486, -13.805042945363887, -15.533838799425848, -17.402674770310544, -19.286873137931483, -21.255495340616893, -23.274895853066635, -25.53224626631755, -27.731589966454006, -30.06040856632697, -32.32353517548295, -34.6789095912754]}}, "exp_y05": {"absolute": {"inf": [0.67378705, 0.67364705, 0.67375325, 0.6736054499999999, 0.6737101, 0.6739548, 0.67359265, 0.6736796, 0.6737811, 0.6738505, 0.67365845, 0.67373385, 0.6736306, 0.6737342999999999, 0.6736225, 0.673855, 0.6738822999999999, 0.6736764500000001, 0.67371475, 0.6735533, 0.67356265, 0.6736660499999999, 0.67376565, 0.6737451, 0.6735835499999999], "12.0": [0.6634491499999999, 0.6631622500000001, 0.66202065, 0.65973895, 0.6554986500000001, 0.6484668, 0.63938195, 0.6275841000000001, 0.6150052500000001, 0.6013446499999999, 0.5870216, 0.5731719000000001, 0.5588578, 0.5460344, 0.53399325, 0.5227706, 0.51327385, 0.5048864, 0.4978787, 0.49136555, 0.485136, 0.48104565000000005, 0.47739405, 0.47282480000000005, 0.4692592],