{"exp": [{"inf": [0.6738516999999999, 0.6736221499999999, 0.6737463, 0.67361045, 0.67392545, 0.67341345, 0.6736944, 0.67380665, 0.67371035, 0.67379545, 0.67374405, 0.67379245, 0.67369345, 0.6737350999999999, 0.6737169500000001, 0.67352475, 0.67362415, 0.6735771, 0.6739206, 0.6737280499999999, 0.6734913499999999, 0.6736631, 0.67386625, 0.67360985, 0.67386275], "12.0": [0.6637216, 0.66318525, 0.66259275, 0.6611649, 0.65943945, 0.6569096000000001, 0.65415395, 0.6505117, 0.64684945, 0.64215685, 0.6371751, 0.6314579499999999, 0.6250581, 0.618107, 0.6110228, 0.60303975, 0.5943836499999999, 0.5853628, 0.57543745, 0.56540595, 0.5543648, 0.54382, 0.532378, 0.5213578, 0.51062885], "4.0": [0.6403279000000001, 0.6394965499999999, 0.63740645, 0.63404515, 0.62973945, 0.62423075, 0.61799605, 0.6109649, 0.60314795, 0.5940658999999999, 0.58486725, 0.5745710500000001, 0.56430405, 0.5528514, 0.54097, 0.52868305, 0.5160587999999999, 0.50341075, 0.4910365, 0.4788072, 0.46733555, 0.45771769999999995, 0.4493644, 0.44319044999999996, 0.43811515], "2.4": [0.61287805, 0.61141955, 0.6078747, 0.6029579, 0.59624735, 0.58866265, 0.5799385, 0.56988285, 0.5597168, 0.5485665000000001, 0.5365246499999999, 0.5232587000000001, 0.51020805, 0.49675739999999996, 0.48257925, 0.4683235, 0.45440089999999994, 0.4415625, 0.42992464999999996, 0.41977455, 0.4112515, 0.40487415, 0.3999159, 0.3948261, 0.38919529999999997], "1.7": [0.5794957, 0.57754805, 0.5726851000000001, 0.56599435, 0.5574136, 0.5476439, 0.5366482499999999, 0.52503745, 0.51225855, 0.49883394999999997, 0.48453795, 0.47003575, 0.45574145, 0.4404339, 0.42520339999999995, 0.4110521, 0.39763824999999997, 0.38529345000000004, 0.37567305, 0.36784, 0.3615652, 0.35618415000000003, 0.3502688, 0.3435931, 0.3376816], "1.3": [0.5384981, 0.5361335, 0.52971195, 0.5214018, 0.51105415, 0.49928655, 0.4863147, 0.472745, 0.4583066, 0.44326195, 0.4279133, 0.41254945, 0.39637934999999996, 0.3807538, 0.36532365, 0.352276, 0.3385195, 0.32802105000000004, 0.3197022, 0.3111943, 0.303292, 0.2960311, 0.2879866, 0.27835139999999997, 0.2702044]}], "exp_sw": [{"inf": [0.63619675, 0.6363628, 0.63628745, 0.6360569, 0.6363357, 0.6364249, 0.6362502999999999, 0.63647865, 0.63619765, 0.63629085, 0.63665445, 0.6365306, 0.6365662, 0.63627295, 0.6361662, 0.6362672, 0.63636065, 0.6365843, 0.6362718, 0.6362458999999999, 0.63610975, 0.6363912, 0.63630365, 0.6362358, 0.63663505], "12.0": [0.6245543, 0.62425585, 0.6236639, 0.62261155, 0.62099475, 0.6186571, 0.6159316, 0.61286095, 0.60920125, 0.60505395, 0.60078945, 0.5954568, 0.59003735, 0.58373585, 0.5771596499999999, 0.5699354, 0.56259465, 0.5539722, 0.5460952, 0.53644095, 0.52748165, 0.5167394000000001, 0.506173, 0.49483535000000006, 0.48273370000000004], "4.0": [0.5981655, 0.5977529, 0.59578335, 0.5924209500000001, 0.5884202, 0.58310585, 0.57699125, 0.5700832, 0.5626015, 0.55387155, 0.54528345, 0.5354324500000001, 0.5252869, 0.5141917, 0.50230325, 0.49025795, 0.47705169999999997, 0.4639422, 0.44984120000000005, 0.4350149, 0.41891875, 0.40356595, 0.38593745, 0.36875559999999996, 0.34969995000000004], "2.4": [0.56731125, 0.56624265, 0.5626293, 0.5577445, 0.5513412, 0.54377055, 0.5352348, 0.52585025, 0.51514705, 0.5039758, 0.49188175, 0.47899935, 0.46551815, 0.45128830000000003, 0.43611934999999996, 0.42104010000000003, 0.40438519999999994, 0.3880005, 0.3699083, 0.35267595, 0.33274129999999996, 0.3130755, 0.29266525, 0.2715112, 0.24810915], "1.7": [0.529903, 0.5281817, 0.5235356, 0.5163674, 0.5080144999999999, 0.49797199999999997, 0.48733099999999996, 0.475496, 0.46223125, 0.44855625, 0.4345358, 0.41870555, 0.40240555, 0.3865904, 0.36835015, 0.35014339999999994, 0.33195379999999997, 0.31219235, 0.29212740000000004, 0.27225485, 0.25037585, 0.22947240000000002, 0.20678310000000003, 0.18329884999999999, 0.15888735], "1.3": [0.48353495, 0.48076805, 0.47484945, 0.4659196, 0.45545365, 0.44329480000000004, 0.43040555, 0.4153773, 0.40093639999999997, 0.3847458, 0.3675918, 0.35020065, 0.3319668, 0.31324545, 0.29361970000000004, 0.2726506, 0.25198255, 0.23142665, 0.2105582, 0.18878875, 0.1665432, 0.14433075, 0.1225942, 0.10143334999999999, 0.0808967]}], "sw": [{"inf": [0.7177988000000001, 0.7176197, 0.71704515, 0.7172637, 0.7154847, 0.7164489500000001, 0.7196023500000001, 0.7182291000000001, 0.7167716000000001, 0.71791395, 0.7182569, 0.7168928, 0.7187665, 0.71577545, 0.7188033500000001, 0.7159182000000001, 0.7194611999999999, 0.7166305000000001, 0.7165527, 0.71940995, 0.7185857000000001, 0.7157167, 0.7172483000000001, 0.7178361, 0.7168478], "12.0": [0.6560139, 0.6578494, 0.6555758, 0.6522914, 0.64959975, 0.6457267, 0.6386362, 0.63018465, 0.62779165, 0.6172325, 0.6068152, 0.59423495, 0.58564205, 0.57226575, 0.5581143, 0.5467748, 0.53026255, 0.51620155, 0.5010721, 0.4847579, 0.46737705, 0.4505758, 0.43320115, 0.41519245000000005, 0.39663444999999997], "4.0": [0.51000375, 0.5120229000000001, 0.50360625, 0.49651775000000004, 0.4867789, 0.47645865, 0.46390614999999996, 0.4476267, 0.43082815, 0.41364074999999995, 0.39666029999999997, 0.37389165, 0.35586065, 0.3358114, 0.3155711, 0.29676990000000003, 0.27750985, 0.2607337, 0.24319659999999999, 0.22735265, 0.21202439999999997, 0.19792845, 0.1841735, 0.1718719, 0.1606646], "2.4": [0.348845, 0.34771185, 0.34318725, 0.3344436, 0.32312995, 0.31206365, 0.29817150000000003, 0.2846896, 0.2697356, 0.25329294999999996, 0.23967419999999998, 0.2231102, 0.209592, 0.1942004, 0.18134619999999999, 0.169169, 0.15750555, 0.1462877, 0.136206, 0.1267121, 0.1182286, 0.11071915, 0.1031504, 0.09628025, 0.0904301], "1.7": [0.21768585, 0.21653875, 0.2112396, 0.20611349999999998, 0.1995768, 0.18998345, 0.18127495, 0.17111995, 0.16186935, 0.15191145, 0.14307435, 0.13474215, 0.12572445, 0.1173283, 0.1093499, 0.10225274999999999, 0.0963242, 0.08993545, 0.083732, 0.0786557, 0.07397225, 0.06918445, 0.06572114999999999, 0.061786499999999994, 0.058498999999999995], "1.3": [0.1298089, 0.12869905, 0.12569035, 0.122274, 0.11832209999999999, 0.113869, 0.1083866, 0.1030419, 0.09792065000000001, 0.09228850000000001, 0.08715295, 0.0824592, 0.07701315, 0.0729388, 0.06869739999999999, 0.0640761, 0.0603986, 0.057515699999999996, 0.054146099999999996, 0.051426400000000004, 0.048473800000000004, 0.04581885, 0.043863, 0.041883000000000004, 0.0399495]}], "random": [{"inf": [0.8614753999999999, 0.8615934, 0.8618403, 0.86177465, 0.86160485, 0.861583, 0.8617038499999999, 0.86157655, 0.86163105, 0.8616405, 0.86158285, 0.86131315, 0.86142135, 0.86155435, 0.8617591, 0.86169905, 0.8617405499999999, 0.8612202, 0.8614411999999999, 0.8615424, 0.8615691000000001, 0.8616330499999999, 0.861692, 0.8617338, 0.861632], "12.0": [0.84549055, 0.8454197999999999, 0.8442580000000001, 0.8433710000000001, 0.84180195, 0.8401286, 0.83769385, 0.83454305, 0.8315705999999999, 0.8277026, 0.82389625, 0.8192807000000001, 0.81426245, 0.808599, 0.80281015, 0.7966167, 0.79015565, 0.7827219500000001, 0.77490985, 0.7668537, 0.7586575999999999, 0.75001505, 0.74121885, 0.73134765, 0.7219482], "4.0": [0.80540255, 0.8047016, 0.8024941999999999, 0.7994749499999999, 0.7947927, 0.7897232000000001, 0.7828041, 0.77556965, 0.7670589, 0.7581819500000001, 0.7482956, 0.7374086999999999, 0.72607605, 0.7138522500000001, 0.7018360499999999, 0.6885714999999999, 0.6750711, 0.66126325, 0.6470997, 0.6324459, 0.6191262000000001, 0.6046097, 0.5911018, 0.5774309, 0.5649389499999999], "2.4": [0.7510039999999999, 0.74998325, 0.7461747, 0.7411133999999999, 0.73354075, 0.72542765, 0.7154264, 0.7045471000000001, 0.6918959, 0.67925165, 0.66493655, 0.65019165, 0.63521055, 0.61916605, 0.6033396, 0.5865197, 0.57050135, 0.55356835, 0.53721645, 0.52086, 0.5058459, 0.49084150000000004, 0.4763987, 0.46229035, 0.44945985],