{"a": [0.0, 0.041666666666666664, 0.08333333333333333, 0.125, 0.16666666666666666, 0.20833333333333331, 0.25, 0.29166666666666663, 0.3333333333333333, 0.375, 0.41666666666666663, 0.4583333333333333, 0.5, 0.5416666666666666, 0.5833333333333333, 0.625, 0.6666666666666666, 0.7083333333333333, 0.75, 0.7916666666666666, 0.8333333333333333, 0.875, 0.9166666666666666, 0.9583333333333333, 1.0], "exp": [{"inf": [0.6735847500000001, 0.67370205, 0.67360065, 0.67371015, 0.6736071, 0.6734865, 0.6735942500000001, 0.67365955, 0.6735681, 0.6734757499999999, 0.67334095, 0.6734739, 0.6737220999999999, 0.67370295, 0.6738415, 0.6738076000000001, 0.6736013500000001, 0.67358085, 0.6738266500000001, 0.673765, 0.6737022, 0.6736399000000001, 0.67366265, 0.6736183, 0.67369855], "12.0": [0.6633577, 0.66308975, 0.66245315, 0.6612716500000001, 0.65934765, 0.6569063, 0.6541883000000001, 0.6507647, 0.646663, 0.6424346, 0.6370726, 0.63151895, 0.6250478, 0.61827815, 0.6106026, 0.603316, 0.5939591500000001, 0.5853044000000001, 0.5757236, 0.56577725, 0.55459915, 0.54408825, 0.5327619, 0.52167625, 0.5108758999999999], "4.0": [0.64027665, 0.6395471, 0.6374153, 0.63382585, 0.6297343, 0.62435255, 0.6178532000000001, 0.6110156, 0.6027297, 0.5943514, 0.58470955, 0.5747344000000001, 0.56457985, 0.5529878500000001, 0.5415993499999999, 0.5287999000000001, 0.5160872, 0.5033921, 0.4911118, 0.4786848500000001, 0.46735699999999997, 0.45728630000000003, 0.44966265000000005, 0.44340805, 0.43862329999999994], "2.4": [0.6131344999999999, 0.6111198, 0.6081103, 0.60278675, 0.5965109, 0.5885593499999999, 0.57999765, 0.5702134, 0.55943625, 0.5483275, 0.53615915, 0.52383875, 0.50993745, 0.49659434999999996, 0.48258695, 0.46836235, 0.45484185, 0.44157029999999997, 0.4298183499999999, 0.4199125, 0.4111291, 0.4053386, 0.4006675, 0.3944996, 0.38962729999999995]}], "exp_sw": [{"inf": [0.63643, 0.63641395, 0.63614605, 0.6360667000000001, 0.6364816499999999, 0.63618865, 0.63606235, 0.63622475, 0.63616795, 0.6363586, 0.636197, 0.6364045500000001, 0.6365891, 0.6364257, 0.6364079, 0.6363107000000001, 0.6365300500000001, 0.63632335, 0.63628915, 0.6365177000000001, 0.6362245, 0.63641275, 0.6362220000000001, 0.6363662, 0.63647615], "12.0": [0.62483495, 0.6244338500000001, 0.6236912000000001, 0.62267, 0.6208643, 0.61874435, 0.61617585, 0.6131930999999999, 0.6099967, 0.6056456499999999, 0.6014878500000002, 0.5963419, 0.5910832500000001, 0.5852385, 0.5793577500000001, 0.5725951, 0.5651933, 0.557698, 0.54923715, 0.5411945499999999, 0.53143205, 0.52204765, 0.5120601999999999, 0.5013848, 0.48927705], "4.0": [0.598705, 0.5978848, 0.59555545, 0.5926976, 0.5884187000000001, 0.5834154500000001, 0.5770329, 0.5707475999999999, 0.5627666, 0.554799, 0.5456696, 0.5363057, 0.5260423499999999, 0.5153660499999999, 0.50411755, 0.49173089999999997, 0.47928129999999997, 0.46607015, 0.4518526, 0.43746285, 0.4218664, 0.40538520000000006, 0.38966114999999996, 0.37005214999999997, 0.35062309999999997], "2.4": [0.56735965, 0.5662417000000001, 0.5629142500000001, 0.55747075, 0.5513499, 0.5436418, 0.5348264, 0.52557975, 0.51537695, 0.50397785, 0.49246399999999996, 0.47916899999999996, 0.46578270000000005, 0.45190025, 0.43730009999999997, 0.42161694999999993, 0.40608284999999994, 0.389429, 0.37134195, 0.3528521, 0.334622, 0.3144214, 0.29357595000000003, 0.27028749999999996, 0.24644635]}], "sw": [{"inf": [0.7164729, 0.71790155, 0.7171778, 0.7168593, 0.71724185, 0.7166408999999999, 0.7178561499999999, 0.71714265, 0.7157541000000001, 0.7185220999999999, 0.7168468499999999, 0.71810835, 0.7193766, 0.7174566, 0.7175582, 0.71724175, 0.7159739500000001, 0.71618765, 0.7181518499999999, 0.7163166000000001, 0.7161081, 0.7163832499999999, 0.7173477, 0.71827785, 0.7178432], "12.0": [0.6577956500000001, 0.6565103499999999, 0.6545117, 0.6531226, 0.6483207000000001, 0.6442341, 0.6383515, 0.6320046, 0.62694595, 0.6171036, 0.6065934999999999, 0.59690205, 0.58608735, 0.5750612, 0.5609435500000001, 0.546704, 0.5340376, 0.51857185, 0.5026047, 0.4858285, 0.47141070000000007, 0.45407315000000004, 0.43832865, 0.42254854999999997, 0.40672335], "4.0": [0.50878465, 0.50699375, 0.50344705, 0.49516115, 0.4876159, 0.4763631, 0.46311895, 0.44771805, 0.4299132, 0.41276684999999996, 0.3939709, 0.37516854999999993, 0.35488195, 0.33707354999999994, 0.31643879999999996, 0.2971745, 0.27984329999999996, 0.26149690000000003, 0.24618909999999997, 0.22988144999999996, 0.21548670000000003, 0.2010807, 0.18824095000000002, 0.17643119999999998, 0.1647738], "2.4": [0.3498524499999999, 0.34791954999999997, 0.34135224999999997, 0.33340805, 0.323575, 0.31268255, 0.29846065, 0.28458690000000003, 0.26926925, 0.25434325, 0.236997, 0.2227264, 0.20839174999999996, 0.19460585, 0.18157099999999998, 0.1700464, 0.15803240000000002, 0.1476671, 0.1376579, 0.1289071, 0.12028244999999999, 0.1131552, 0.10615634999999998, 0.09976705, 0.09438690000000001]}], "random": [{"inf": [0.8614441, 0.86155305, 0.8614997, 0.8615119499999999, 0.8614679, 0.8616011499999999, 0.8614771499999999, 0.86149735, 0.8615851, 0.86172015, 0.8614874499999999, 0.8615601999999999, 0.8615723, 0.86160815, 0.86147875, 0.8617360000000001, 0.86165985, 0.86170295, 0.8617485, 0.86173115, 0.86148625, 0.8616583499999999, 0.8615849499999999, 0.8617441, 0.86158525], "12.0": [0.84530315, 0.8453487, 0.8446344499999998, 0.8435807000000001, 0.8420108000000001, 0.84009845, 0.8376285000000001, 0.8348694000000002, 0.8316808, 0.8277113, 0.8238097, 0.8189942, 0.81396715, 0.8087622499999999, 0.80256455, 0.7966007999999999, 0.7897544500000001, 0.7824068, 0.7749685, 0.7671965, 0.75862395, 0.7497629000000001, 0.7409676, 0.73120785, 0.7222367999999999], "4.0": [0.8051866500000001, 0.8045712000000002, 0.80290495, 0.79924125, 0.7950724, 0.7894991, 0.7829737500000001, 0.7757377500000001, 0.76724065, 0.7578597, 0.74828415, 0.7371717000000001, 0.7261636499999999, 0.714472, 0.70182705, 0.6887543, 0.67517235, 0.6614261499999999, 0.6474161, 0.6329115999999999, 0.6184767499999999, 0.6045306, 0.59127935, 0.5768506000000001, 0.5642978000000001], "2.4": [0.75119275, 0.7501601999999999, 0.7465738000000001, 0.7411544999999999, 0.7341956499999999, 0.7255501999999999, 0.7156517499999999, 0.70438645, 0.6919844500000001, 0.6790702000000001, 0.6651974, 0.6503785000000001, 0.6356161, 0.6190658, 0.60339785, 0.5867508, 0.5702652, 0.55397885, 0.5380354, 0.52106725, 0.5059403, 0.49035690000000004, 0.47698015, 0.46280045, 0.4488825]}], "lockdown": [{"inf": [0.05232850000000001, 0.052413900000000006, 0.05214320000000001, 0.0524978, 0.05221865, 0.0520623, 0.05211245, 0.052028649999999996, 0.0524152, 0.05207085, 0.0520493, 0.05266135, 0.0522607, 0.0524601, 0.05240685, 0.05239575, 0.0523133, 0.05244285, 0.05249615, 0.0523401, 0.05229255, 0.0521974, 0.05244335, 0.052579049999999995, 0.05226035], "12.0": [0.0481018, 0.048102400000000003, 0.04844535, 0.0479868, 0.048227349999999995, 0.04806735000000001, 0.04804025000000001, 0.048037699999999996, 0.047620899999999994, 0.047651000000000006, 0.04776249999999999, 0.047680349999999996, 0.04733895, 0.04701059999999999, 0.04709330000000001, 0.046743799999999995, 0.04656465, 0.046464750000000006, 0.04630815, 0.046009800000000003, 0.045827, 0.045757849999999996, 0.045443500000000005, 0.04505895000000001, 0.044859449999999995], "4.0": [0.0410729, 0.04113264999999999, 0.041233450000000005, 0.04125615, 0.04102764999999999, 0.04067015, 0.04076875, 0.04047485, 0.04013755, 0.0400035, 0.03963245000000001, 0.0395096, 0.03909915, 0.0387929, 0.038583349999999995, 0.03820455, 0.03794705, 0.0376014, 0.0371378, 0.0368, 0.03649215, 0.0362752, 0.035983850000000005, 0.0355786, 0.0352077],