{"a": [0.0, 0.041666666666666664, 0.08333333333333333, 0.125, 0.16666666666666666, 0.20833333333333331, 0.25, 0.29166666666666663, 0.3333333333333333, 0.375, 0.41666666666666663, 0.4583333333333333, 0.5, 0.5416666666666666, 0.5833333333333333, 0.625, 0.6666666666666666, 0.7083333333333333, 0.75, 0.7916666666666666, 0.8333333333333333, 0.875, 0.9166666666666666, 0.9583333333333333, 1.0], "exp": {"inf": [0.67378705, 0.67364705, 0.67375325, 0.6736054499999999, 0.6737101, 0.6739548, 0.67359265, 0.6736795999999999, 0.6737811, 0.6738505, 0.67365845, 0.6737338500000001, 0.6736306, 0.6737342999999999, 0.6736225, 0.673855, 0.6738823000000002, 0.6736764500000001, 0.67371475, 0.6735533, 0.67356265, 0.6736660499999999, 0.67376565, 0.6737451, 0.6735835499999999], "12.0": [0.6634491499999999, 0.6631622500000001, 0.66202065, 0.65973895, 0.65549865, 0.6484668, 0.63938195, 0.6275841, 0.6150052500000001, 0.60134465, 0.5870216, 0.5731719, 0.5588578, 0.5460344, 0.5339932500000001, 0.5227706000000001, 0.5132738499999999, 0.5048864, 0.4978787, 0.49136555, 0.485136, 0.48104564999999994, 0.47739405000000007, 0.47282479999999993, 0.4692592], "4.0": [0.64032685, 0.63926525, 0.6364461, 0.6315594, 0.6242905499999999, 0.61509755, 0.60381855, 0.5910148000000001, 0.5775444, 0.56366455, 0.54863285, 0.5332066, 0.5184149499999999, 0.5036451000000001, 0.48940659999999997, 0.47699454999999996, 0.465744, 0.45641995, 0.44928714999999997, 0.4428972, 0.43798475000000003, 0.43308945000000004, 0.42909785000000006, 0.42436029999999997, 0.42009270000000004], "2.0": [0.6128255499999999, 0.6112273999999999, 0.6071333000000001, 0.6004395, 0.5909406499999998, 0.58035475, 0.5679737, 0.5541138000000001, 0.5394299, 0.5239731500000001, 0.5082153, 0.49251354999999997, 0.47626675, 0.4604622, 0.44560940000000004, 0.4326183, 0.42201875, 0.4130521, 0.40658924999999996, 0.40051875, 0.39529159999999997, 0.38995270000000004, 0.38458519999999996, 0.3794825, 0.37365735]}, "exp_sw": {"inf": [0.6361681, 0.63626015, 0.6365634, 0.63628225, 0.636087, 0.6361986000000001, 0.6365466499999999, 0.63648225, 0.63630275, 0.6363348999999999, 0.6365467, 0.63626365, 0.63615155, 0.6362307, 0.6365342500000001, 0.63622055, 0.6364407000000001, 0.6362484, 0.6363539, 0.63597815, 0.63624035, 0.6363251, 0.6363747, 0.63664755, 0.6363398], "12.0": [0.6246464, 0.62445145, 0.6235549, 0.6216605, 0.6190229, 0.61500365, 0.60968095, 0.60307165, 0.59497895, 0.5860703500000001, 0.5756165500000001, 0.5648167000000001, 0.5531132999999999, 0.5409976999999999, 0.5289493, 0.515733, 0.50260455, 0.4889221000000001, 0.47534635000000003, 0.46158775, 0.44638915, 0.4308922, 0.41218004999999996, 0.39096125, 0.3660364], "4.0": [0.5985697, 0.5976607, 0.59537685, 0.59097205, 0.585131, 0.57792725, 0.5688562, 0.5586847, 0.5476941, 0.53522035, 0.5222403000000001, 0.508298, 0.4938016, 0.47811479999999995, 0.46239365, 0.44554205, 0.42867555, 0.41109854999999995, 0.392022, 0.37172375, 0.35188100000000005, 0.3289871, 0.30382030000000004, 0.27373990000000004, 0.24313555], "2.0": [0.5675309000000001, 0.5659113, 0.56199075, 0.5560833500000001, 0.54799115, 0.53823975, 0.5267670000000001, 0.51504625, 0.5011525499999999, 0.48686615000000005, 0.47121170000000007, 0.45472375, 0.4381817, 0.42049264999999997, 0.40251275000000003, 0.3831842, 0.36314105, 0.34317119999999995, 0.32127235, 0.297688, 0.2746352, 0.24984925000000002, 0.22092265, 0.19143419999999997, 0.15798310000000002]}, "sw": {"inf": [0.71819935, 0.7171411, 0.7170292499999998, 0.71716785, 0.7172815499999999, 0.7190075, 0.7168044499999999, 0.71723385, 0.7166208499999999, 0.7182201999999999, 0.7175470999999999, 0.7161697, 0.71731715, 0.7177067000000001, 0.7180081500000001, 0.717054, 0.7176639499999999, 0.7164886500000001, 0.71701045, 0.717065, 0.7190939, 0.71779795, 0.7165468, 0.7183875999999999, 0.71770645], "12.0": [0.6586315, 0.6566325999999999, 0.65505725, 0.6524183, 0.6479396, 0.64548865, 0.6372884000000001, 0.6288594500000001, 0.6219717499999999, 0.6092626500000001, 0.6000464, 0.5865714000000001, 0.57618235, 0.5580244499999999, 0.5419453999999999, 0.524499, 0.50517485, 0.4876707, 0.46841390000000005, 0.44865954999999996, 0.4272289999999999, 0.40816545, 0.38742575000000007, 0.36903800000000003, 0.34969629999999996], "4.0": [0.51058755, 0.5080049000000001, 0.5040468499999999, 0.49584735, 0.4866027499999999, 0.4727902, 0.45791204999999996, 0.44227775, 0.42380090000000004, 0.40430265000000004, 0.38202315000000003, 0.3619875, 0.3399476, 0.31749655, 0.29808485, 0.2770984, 0.2565107, 0.23715904999999998, 0.2203756, 0.20379114999999998, 0.19045584999999998, 0.17600285, 0.16404724999999998, 0.1526936, 0.1432052], "2.0": [0.34944729999999996, 0.3461626000000001, 0.34145339999999996, 0.33290840000000005, 0.32281139999999997, 0.30993265, 0.29476640000000004, 0.28151930000000003, 0.2634041, 0.24833345, 0.22973065000000004, 0.21495754999999997, 0.19916875, 0.18555295, 0.171364, 0.15907719999999997, 0.14704275, 0.1369949, 0.1266987, 0.11751025, 0.11029035, 0.10323895000000001, 0.09648725000000001, 0.090399, 0.08548615]}, "random": {"inf": [0.8617953500000001, 0.8616296000000001, 0.8615172499999999, 0.8615495999999999, 0.86166355, 0.86159415, 0.86158625, 0.8614712, 0.86159705, 0.8615321499999999, 0.8615263500000001, 0.86144685, 0.8617275, 0.8619555499999999, 0.8616132000000001, 0.8615277499999999, 0.8616928, 0.8616241, 0.8616675500000001, 0.8614594499999999, 0.8616155999999999, 0.8616861499999999, 0.86153045, 0.86146425, 0.86164685], "12.0": [0.8456097499999999, 0.8451694000000001, 0.84438185, 0.8431961, 0.84116385, 0.83851935, 0.8345189000000002, 0.8299528499999999, 0.8241582, 0.81697085, 0.80866485, 0.7989490499999999, 0.7873298, 0.7750096999999999, 0.76130325, 0.7468896999999999, 0.7319255, 0.7164633499999999, 0.70111125, 0.68589935, 0.6733844999999999, 0.6610253500000001, 0.6505280999999999, 0.6422520999999999, 0.63573525], "4.0": [0.80541315, 0.8048863500000001, 0.8023873499999998, 0.7987474500000001, 0.7933923999999999, 0.7864847500000001, 0.7779778999999999, 0.7678575499999999, 0.7567414499999999, 0.74411595, 0.7301535499999999, 0.7149754, 0.6997867, 0.6835987, 0.66672965, 0.6491396, 0.6328586, 0.6170603, 0.60155405, 0.5862148, 0.5726950500000001, 0.56110055, 0.54922795, 0.5387622999999999, 0.5284101499999999], "2.0": [0.7509628, 0.74988965, 0.74596405, 0.7397916499999999, 0.7317684000000001, 0.7218997, 0.7106136999999999, 0.6965848499999998, 0.6823365000000001, 0.66688265, 0.6498422, 0.6324229, 0.6135603999999999, 0.5953051, 0.57768485, 0.5586694000000001, 0.5407082, 0.5234483, 0.50698435, 0.4907848, 0.4762094499999999, 0.46134339999999996, 0.4479446000000001, 0.43542734999999994, 0.4210214]}, "lockdown": {"inf": [0.0523741, 0.0519451, 0.052377799999999995, 0.052241499999999996, 0.0523242, 0.05261375, 0.052527399999999995, 0.052491499999999996, 0.052260999999999995, 0.05232850000000001, 0.052391599999999997, 0.05229105, 0.05231595, 0.05248005, 0.052063349999999994, 0.052237700000000005, 0.052222000000000005, 0.05229415, 0.0520937, 0.05211755, 0.05219875, 0.052467549999999995, 0.0520662, 0.052355, 0.052510749999999995], "12.0": [0.048223850000000006, 0.0484076, 0.048220650000000004, 0.04837415, 0.048521999999999996, 0.048222350000000004, 0.04819965000000001, 0.04804485, 0.04774955000000001, 0.04774900000000001, 0.0474018, 0.047214799999999994, 0.0474702, 0.04716505, 0.04694065000000001, 0.046623950000000004, 0.04652855, 0.046403049999999994, 0.04609905000000001, 0.045860250000000005, 0.0458954, 0.04548865, 0.04497750000000001, 0.04512784999999999, 0.0446332], "4.0": [0.04128645, 0.04116, 0.04100365000000001, 0.040849449999999995, 0.04090420000000001, 0.0408103, 0.04067249999999999, 0.040192200000000004, 0.04014349999999999, 0.0400167, 0.03953075, 0.03939925, 0.03914705, 0.0389812, 0.038412499999999995, 0.03815335, 0.03768925, 0.03733485, 0.03717005, 0.03667095, 0.036505050000000004, 0.0358078, 0.0355597, 0.03525005, 0.03499289999999999],